name,gender
Abe,boy
Ace,boy
Ain,boy
Ali,boy
Amy,boy
Art,boy
Asa,boy
Ash,boy
Abby,boy
Abel,boy
Adam,boy
Adan,boy
Addy,boy
Aden,boy
Adin,boy
Adny,boy
Ajay,boy
Alan,boy
Aldo,boy
Alec,boy
Alek,boy
Aler,boy
Alex,boy
Almo,boy
Alva,boy
Aman,boy
Amin,boy
Amir,boy
Amit,boy
Amos,boy
Andy,boy
Anil,boy
Anna,boy
Aray,boy
Aric,boy
Arik,boy
Arlo,boy
Arne,boy
Aron,boy
Arty,boy
Awan,boy
Axel,boy
Aaden,boy
Aarav,boy
Aaric,boy
Aaron,boy
Abbot,boy
Abdul,boy
Abner,boy
Abram,boy
Addis,boy
Adken,boy
Adkyn,boy
Adney,boy
Adric,boy
Adron,boy
Aedan,boy
Aeker,boy
Ahmad,boy
Ahmed,boy
Ahote,boy
Aidan,boy
Aiden,boy
Aiken,boy
Aikin,boy
Akeem,boy
Akker,boy
Albin,boy
Aldan,boy
Alden,boy
Alder,boy
Aldis,boy
Aldus,boy
Alexy,boy
Alfie,boy
Alice,boy
Allan,boy
Allen,boy
Allie,boy
Allyn,boy
Almer,boy
Alois,boy
Alson,boy
Alton,boy
Alvie,boy
Alvin,boy
Alvis,boy
Alvyn,boy
Alwin,boy
Alwyn,boy
Amado,boy
Amani,boy
Amare,boy
Amari,boy
Amory,boy
Andre,boy
Angel,boy
Angus,boy
Anmol,boy
Annie,boy
Ansel,boy
Anson,boy
Antar,boy
Anton,boy
Anwar,boy
Arcus,boy
Ardel,boy
Arden,boy
Arian,boy
Arick,boy
Ariel,boy
Arjun,boy
Arlan,boy
Arlen,boy
Arley,boy
Arlie,boy
Arlin,boy
Arlis,boy
Arlyn,boy
Arman,boy
Arnav,boy
Arnel,boy
Arnet,boy
Arnie,boy
Arron,boy
Artie,boy
Artis,boy
Arvel,boy
Arvid,boy
Arvie,boy
Arvin,boy
Arvis,boy
Arvon,boy
Arwin,boy
Arwyn,boy
Aryan,boy
Ascot,boy
Ashby,boy
Asher,boy
Ashly,boy
Aubry,boy
Audel,boy
Auden,boy
Audie,boy
Autry,boy
Avery,boy
Axton,boy
Ayaan,boy
Aydan,boy
Ayden,boy
Aydin,boy
Ayers,boy
Abbott,boy
Abdiel,boy
Ackley,boy
Addney,boy
Aditya,boy
Adkins,boy
Adolfo,boy
Adolph,boy
Adonis,boy
Adrian,boy
Adriel,boy
Adrien,boy
Adrion,boy
Aekley,boy
Aeldra,boy
Aeneas,boy
Aiekin,boy
Aisley,boy
Aiston,boy
Akando,boy
Albern,boy
Albert,boy
Alburn,boy
Alburt,boy
Alcott,boy
Aldred,boy
Aldric,boy
Aldrik,boy
Aldrin,boy
Alexei,boy
Alexis,boy
Alford,boy
Alfred,boy
Alfrid,boy
Alijha,boy
Allard,boy
Allred,boy
Alonso,boy
Alonzo,boy
Alston,boy
Alvaro,boy
Amadom,boy
Amanda,boy
Amelia,boy
Amsden,boy
Anakin,boy
Anders,boy
Andrea,boy
Andres,boy
Andreu,boy
Andrew,boy
Andric,boy
Angelo,boy
Anibal,boy
Anscom,boy
Ansell,boy
Ansley,boy
Antone,boy
Antony,boy
Antwan,boy
Antwon,boy
Archer,boy
Archie,boy
Ardell,boy
Ardley,boy
Arland,boy
Armand,boy
Armani,boy
Armond,boy
Arnatt,boy
Arneel,boy
Arnett,boy
Arnold,boy
Arnott,boy
Arrick,boy
Arther,boy
Arthur,boy
Arturo,boy
Arwood,boy
Ascott,boy
Ashley,boy
Ashlin,boy
Ashlon,boy
Ashtin,boy
Ashton,boy
Ashwin,boy
Ashwyn,boy
Atwell,boy
Atwood,boy
Aubrey,boy
Audley,boy
Audrey,boy
Audric,boy
August,boy
Aundre,boy
Aurick,boy
Austen,boy
Austin,boy
Austyn,boy
Averil,boy
Aylmer,boy
Abraham,boy
Adalson,boy
Adamson,boy
Addison,boy
Adonius,boy
Aeithen,boy
Agustin,boy
Ainsley,boy
Ainslie,boy
Aisford,boy
Alberto,boy
Aldrich,boy
Alfonso,boy
Alfonzo,boy
Alfredo,boy
Allison,boy
Ambrose,boy
Andreas,boy
Andrian,boy
Andriel,boy
Anscomb,boy
Anselmo,boy
Anthone,boy
Anthony,boy
Antiman,boy
Antione,boy
Antoine,boy
Antoney,boy
Antonio,boy
Antwain,boy
Antwaun,boy
Aponivi,boy
Archere,boy
Arledge,boy
Arleigh,boy
Armando,boy
Armondo,boy
Arndell,boy
Arnoldo,boy
Arsenio,boy
Ashford,boy
Atticus,boy
Attkins,boy
Attmore,boy
Attwell,boy
Atwater,boy
Atworth,boy
Aucaman,boy
Aurelio,boy
Averell,boy
Averill,boy
Aylward,boy
Abelardo,boy
Ackerley,boy
Adelbert,boy
Adolphus,boy
Aekerley,boy
Aekerman,boy
Aloysius,boy
Alphonse,boy
Alphonso,boy
Anderson,boy
Ansleigh,boy
Aputsiaq,boy
Aqissiaq,boy
Atherton,boy
Augustus,boy
Ayawamat,boy
Adalberto,boy
Ainsworth,boy
Alejandro,boy
Alexander,boy
Alexandre,boy
Alexandro,boy
Alexavier,boy
Antinanco,boy
Archibald,boy
Armstrang,boy
Armstrong,boy
Augustine,boy
Axayacatl,boy
Alessandro,boy
Ahtahkakoop,boy
